s_m,x_m,y_m,curvature_1_m,track_width_m
0.0,10.94550875822085,66.72144403632737,-0.000132975993732634,12.0
2.0,8.940670740347326,66.74254423403679,-0.00019483787935083057,12.0
4.0,6.937901128726004,66.76440472081545,-0.00025691600030096584,12.0
6.0,4.936941370320647,66.78727475354675,-0.0003191383047796103,12.0
8.0,2.9375329120950138,66.81140358911414,-0.0003814318865841844,12.0
10.0,0.9394172010128631,66.83704048440097,-0.0004437231279506314,12.0
12.0,-1.057664315962043,66.86443469629063,-0.0005059378466735988,12.0
14.0,-3.053970191865948,66.89383548166654,-0.000568001447266421,12.0
16.0,-5.049758979735091,66.92549209741208,-0.0006298390758905487,12.0
18.0,-7.045289232605711,66.95965380041065,-0.0006913757787543222,12.0
20.0,-9.040819503514049,66.99656984754566,-0.0007525366636493651,12.0
22.0,-11.036608345496346,67.03648949570048,-0.0008132470642596047,12.0
24.0,-13.032914311588838,67.0796620017585,-0.0008734327068433244,12.0
26.0,-15.029995954827774,67.12633662260316,-0.0009330198788530965,12.0
28.0,-17.028111828249386,67.17676261511784,-0.0009919355990223335,12.0
30.0,-19.02752048488992,67.23118923618591,-0.0010501077884110014,12.0
32.0,-21.028480477785614,67.2898657426908,-0.0011074654418672825,12.0
34.0,-23.03125035997271,67.35304139151586,-0.0011639387993271834,12.0
36.0,-25.036088684487442,67.42096543954452,-0.0012194595163408498,12.0
38.0,-27.043254004366055,67.49388714366019,-0.001273960833183286,12.0
40.0,-29.052914614756492,67.57234120130855,-0.0023053325551890065,12.0
42.0,-31.064169833562904,67.66024295035714,-0.003836357272396164,12.0
44.0,-33.07541983063861,67.76371878431127,-0.005373853503705164,12.0
46.0,-35.085052689709435,67.88893331905318,-0.006924248687537803,12.0
48.0,-37.09145649450117,68.04205117046513,-0.008491716529942538,12.0
50.0,-39.09301932873966,68.22923695442935,-0.01007746624156311,12.0
52.0,-41.088129276150696,68.4566552868281,-0.011678948573627501,12.0
54.0,-43.07517442046011,68.73047078354361,-0.013289006551315733,12.0
56.0,-45.05254284539371,69.05684806045818,-0.014895036978513564,12.0
58.0,-47.01862263467731,69.44195173345405,-0.016478276638666182,12.0
60.0,-48.97180187203673,69.89194641841343,-0.018013379547903188,12.0
62.0,-50.91046864119778,70.41299673121858,-0.01946849680243839,12.0
64.0,-52.833011025886286,71.01126728775179,-0.020806088795374156,12.0
66.0,-54.73781710982804,71.69292270389528,-0.02198466541788202,12.0
68.0,-56.623295069519784,72.46402008050708,-0.019778747740935188,12.0
70.0,-58.49124663823164,73.31245783138586,-0.006599195889809683,12.0
72.0,-60.35065834785033,74.18768901097094,0.006298641764706363,12.0
74.0,-62.21143164474482,75.03427102972712,0.019706842484930587,12.0
76.0,-64.08346797528411,75.79676129811915,0.03426805787765903,12.0
78.0,-65.97666878583719,76.41971722661182,0.0499949199648727,12.0
80.0,-67.9009355227731,76.84769622566992,0.06551719183485824,12.0
82.0,-69.86616963246075,77.02525570575821,0.07749745483267002,12.0
84.0,-71.8715588997345,76.90114571791285,0.07977725499837988,12.0
86.0,-73.85228306217394,76.44916496109927,0.08753516935152716,12.0
88.0,-75.71985296239998,75.65237462301866,0.10042328436770324,12.0
90.0,-77.38705623088148,74.4972304903277,0.1004053595548658,12.0
92.0,-78.78780052608533,73.02447514093669,0.09479647513047149,12.0
94.0,-79.8730244923267,71.31862749498721,0.09667070283036637,12.0
96.0,-80.60121499488135,69.46318198900516,0.08216106677553461,12.0
98.0,-81.01983227877413,67.51301854406259,0.05154863147641485,12.0
100.0,-81.23717632713605,65.50345055884974,0.022583247106973903,12.0
102.0,-81.35918821737965,63.469450881338986,0.02226107569448021,12.0
104.0,-81.38079437032553,61.44721659289728,0.05909576164558766,12.0
106.0,-81.16643539984963,59.47438372977622,0.09989561227336347,12.0
108.0,-80.59382490822603,57.58507232562815,0.08327422040708135,12.0
110.0,-79.70192059275175,55.78542474110326,0.05316366899730914,12.0
112.0,-78.60519334743339,54.068480943709396,0.028104582594970947,12.0
114.0,-77.40080830184957,52.42820448057791,0.02717719495910259,12.0
116.0,-76.11257913144242,50.862687924504485,0.026361343457274766,12.0
118.0,-74.74536083616256,49.371091050818,0.02544391244327794,12.0
120.0,-73.30400839087976,47.95257363625911,0.02446076548111808,12.0
122.0,-71.79337677046368,46.60629545756852,0.023444263161440382,12.0
124.0,-70.21832094978413,45.33141629148692,0.02242227925856604,12.0
126.0,-68.58369590371076,44.12709591475497,0.021417837632084533,12.0
128.0,-66.89435660711337,42.99249410411337,0.02044922209641283,12.0
130.0,-65.15515803486164,41.92677063630279,0.01953040296073577,12.0
132.0,-63.37095516182531,40.929085288063945,0.01867164242420249,12.0
134.0,-61.54660296287411,39.99859783613749,0.017880172140476762,12.0
136.0,-59.68695641287778,39.13446805726413,0.017160869556241104,12.0
138.0,-57.796870486706034,38.335855728184534,0.016516889003006806,12.0
140.0,-55.8812001592286,37.601920625639394,0.015950226469548037,12.0
142.0,-53.94480040531521,36.93182252636939,0.015462213307425846,12.0
144.0,-51.99252340721902,36.32521995436657,0.024430255581219053,12.0
146.0,-50.028946816197376,35.8308012860966,0.06135020388120058,12.0
148.0,-48.05814618651532,35.586926890771416,0.10219562227876611,12.0
150.0,-46.08531891710265,35.718245552146534,0.08098560618344196,12.0
152.0,-44.124538752150976,36.17360642279208,0.04684003856873665,12.0
154.0,-42.19358897784349,36.82306542020221,0.02741048352676584,12.0
156.0,-40.29938946943398,37.58344571750057,0.02127051019975649,12.0
158.0,-38.43601559789733,38.42724671347146,0.015209995189717251,12.0
160.0,-36.59680315148338,39.33017362736516,0.009278401157130314,12.0
162.0,-34.775087918442004,40.26793167843194,0.0034238731821088684,12.0
164.0,-32.96420568702306,41.21622608592208,-0.00246525848776979,12.0
166.0,-31.157492245476387,42.15076206908586,-0.008526313977381982,12.0
168.0,-29.348283382051864,43.04724484717354,-0.014889681912404498,12.0
170.0,-27.52991488499934,43.8813796394354,-0.021638570205199003,12.0
172.0,-25.69572254256867,44.62887166512173,-0.02875206297414498,12.0
174.0,-23.83904214300972,45.26542614348279,-0.03602933767846754,12.0
176.0,-21.953209474572347,45.76674829376886,-0.04301292997589298,12.0
178.0,-20.031560325506398,46.10854333523023,-0.048964541868722664,12.0
180.0,-18.068448841786125,46.26817113750258,-0.04633953491122999,12.0
182.0,-16.072931067983337,46.24687954357175,-0.03989906426568868,12.0
184.0,-14.065112700406917,46.06387011746658,-0.034664992183016996,12.0
186.0,-12.06536861836399,45.73878179776626,-0.030583913039168534,12.0
188.0,-10.096405379108555,45.27992084202793,-0.04470881069808269,12.0
190.0,-8.190324657066204,44.64993031224883,-0.059983266941223815,12.0
192.0,-6.3815941325417205,43.79995374496166,-0.07455174192499497,12.0
194.0,-4.706238807189312,42.68961047123776,-0.07429604898093523,12.0
196.0,-3.2107887073911594,41.335693914653305,-0.07555798918544275,12.0
198.0,-1.946071962732967,39.778637916884,-0.0765388601405815,12.0
200.0,-0.9222086241264785,38.06639988492178,-0.03987614354134485,12.0
202.0,-0.03323457973265617,36.268170989315536,-0.0032526152764903735,12.0
204.0,0.8363934102818131,34.45208893078262,-0.0132722414655822,12.0
206.0,1.651102449214337,32.62000028471852,-0.05248838699767259,12.0
208.0,2.265387537276855,30.725536577958845,-0.08454730736403218,12.0
210.0,2.576581827916592,28.746869708682354,-0.07052026720627921,12.0
212.0,2.6039261229344994,26.73111012979289,-0.06022549206000265,12.0
214.0,2.3873154650965596,24.734861070894958,-0.0503345285438149,12.0
216.0,1.9733702171060823,22.778592046986414,-0.03679520858587388,12.0
218.0,1.414471767639029,20.851258851958733,-0.029359032096228657,12.0
220.0,0.7280626406248916,18.961386210793368,-0.05363276574480596,12.0
222.0,-0.15259006409673023,17.166926830517752,-0.07957254031843847,12.0
224.0,-1.2935300724716725,15.527052619282612,-0.07255915366181433,12.0
226.0,-2.6708415000728567,14.059320648542887,-0.05996706781583835,12.0
228.0,-4.2226474175003785,12.76372741250339,-0.05026029450770722,12.0
230.0,-5.888621097431029,11.637835880172906,-0.03915682323709701,12.0
232.0,-7.628636487941242,10.650763013377189,-0.025234294955823307,12.0
234.0,-9.4159020360504,9.75284851797362,-0.011055173868724639,12.0
236.0,-11.225356281153474,8.896976507055058,-0.006867883871900233,12.0
238.0,-13.047438454257552,8.065883254607675,-0.006978083239395507,12.0
240.0,-14.881768141188624,7.259985112124473,-0.007090939758869173,12.0
242.0,-16.728084976528084,6.479929628186353,-0.0072062849147314055,12.0
244.0,-18.586128594857314,5.726364351374215,-0.007323930978635422,12.0
246.0,-20.455638630757704,4.999936830268961,-0.007443669569096345,12.0
248.0,-22.33635471881065,4.301294613451488,-0.007565270259915348,12.0
250.0,-24.228016493597522,3.6310852495026986,-0.007688479261705927,12.0
252.0,-26.130363589699726,2.989956287003492,-0.00781301820422254,12.0
254.0,-28.043135641698644,2.3785552745347687,-0.007938583050578134,12.0
256.0,-29.966072284175656,1.7975297606774265,-0.008064843177700834,12.0
258.0,-31.89891315171217,1.247527294012369,-0.008191440660392868,12.0
260.0,-33.841397878889545,0.7291954231204947,-0.008317989798966093,12.0
262.0,-35.79326610028918,0.24318169658270206,-0.00844407693246618,12.0
264.0,-37.75425745049249,-0.20986633702010576,-0.008569260580770593,12.0
266.0,-39.72411156408083,-0.6293011291070301,-0.008693071959148275,12.0
268.0,-41.7025680756356,-1.0144751310971731,-0.008815015907989119,12.0
270.0,-43.68936661973818,-1.36474079440963,-0.008934572278136,12.0
272.0,-45.68424683096997,-1.679450570463506,-0.00905119780838306,12.0
274.0,-47.68694834391235,-1.957956910677896,-0.009164328526066457,12.0
276.0,-49.6972107931467,-2.1996122664719024,-0.009273382694137964,12.0
278.0,-51.71477381325443,-2.4037690892646246,-0.009377764318602806,12.0
280.0,-53.73937703881692,-2.569779830475163,-0.009476867218724575,12.0
282.0,-55.770760104415544,-2.6969969415226185,-0.009570079649046949,12.0
284.0,-57.8086626446317,-2.7847728738260917,-0.009656789447255634,12.0
286.0,-59.84924848731405,-2.821413220315276,-0.03820130186758097,12.0
288.0,-61.85786612543882,-2.700024736543523,-0.08101689685236191,12.0
290.0,-63.7841383692395,-2.265170812539668,-0.11645256332288788,12.0
292.0,-65.58765079631463,-1.4258004985813968,-0.08330590822533254,12.0
294.0,-67.25654414329368,-0.2741988634138422,-0.05647562557849565,12.0
296.0,-68.78507327739808,1.0675416019166177,-0.04096151044291001,12.0
298.0,-70.18840264568836,2.5230966909912813,-0.029513482103344875,12.0
300.0,-71.50045056175375,4.05719191277379,-0.017725647141997748,12.0
302.0,-72.7557999976377,5.6360076250359805,-0.005944646307104483,12.0
304.0,-73.98903392538355,7.225724185549688,0.005934219500890658,12.0
306.0,-75.23473531703473,8.792521952086751,0.018174889137108855,12.0
308.0,-76.5274871446346,10.302581282419004,0.03089753576953341,12.0
310.0,-77.9018723802266,11.722082534318282,0.04372077852751839,12.0
312.0,-79.39229819427432,13.017407537412112,0.04684749540436223,12.0
314.0,-81.00329717368759,14.189174945560175,0.019035509216414052,12.0
316.0,-82.67605815856335,15.310596515783962,-0.007227842323227498,12.0
318.0,-84.36506963981438,16.422087288711346,0.037037275771240476,12.0
320.0,-86.11206122986135,17.392448310487744,0.0858183166647815,12.0
322.0,-87.97759233289872,18.053781750322145,0.09155290141996085,12.0
324.0,-89.9562978150945,18.3744576800325,0.06175919245541849,12.0
326.0,-91.98326711318698,18.44592827384063,0.037295390307410574,12.0
328.0,-93.99906889299949,18.354145367946746,0.03375852165626906,12.0
330.0,-95.98823501170828,18.12780203694863,0.03230288895755833,12.0
332.0,-97.95103219437034,17.775097869391246,0.03046948949898362,12.0
334.0,-99.88774710774787,17.30420648124323,0.028379566395963955,12.0
336.0,-101.79866641860305,16.723301488473226,0.026145003881682893,12.0
338.0,-103.6840767936981,16.040556507049853,0.023859208385349686,12.0
340.0,-105.54426489979517,15.264145152941762,0.021593345610497184,12.0
342.0,-107.37951740365648,14.402241042117582,0.019396608920999824,12.0
344.0,-109.19012097204418,13.463017790545951,0.01729888276806468,12.0
346.0,-110.97636227172053,12.454649014195502,0.015314402574914001,12.0
348.0,-112.73852796944766,11.385308329034867,0.013445456842314794,12.0
350.0,-114.47690473198777,10.263169351032696,0.011685603265294628,12.0
352.0,-116.19177922610307,9.096405696157614,0.010022183179430672,12.0
354.0,-117.88343811855573,7.893190980378256,0.008438107213319543,12.0
356.0,-119.55216807610796,6.661698819663263,0.006912976338152581,12.0
358.0,-121.1982557655219,5.410102829981269,0.005423630396283793,12.0
360.0,-122.82198785355982,4.146576627300905,0.003944208304629308,12.0
362.0,-124.42365100698382,2.879293827590816,0.0024457789006062484,12.0
364.0,-125.9852092388331,1.597506515838622,0.04725254444297713,12.0
366.0,-127.39621142944152,0.19503104905159557,0.09840912168796466,12.0
368.0,-128.53619672349362,-1.4375184506095027,0.08721528892389932,12.0
370.0,-129.3848901654228,-3.2685627280222644,0.07350911643334068,12.0
372.0,-129.95212714667454,-5.220965478346929,0.07496135936112207,12.0
374.0,-130.21304381377442,-7.225329812569841,0.08762017619229351,12.0
376.0,-130.11867126519252,-9.21765081444729,0.10419786451945273,12.0
378.0,-129.64160672681757,-11.144356684934886,0.08288391907455048,12.0
380.0,-128.84174737466026,-12.992748245181497,0.06071198292879087,12.0
382.0,-127.80016953134215,-14.759639017989574,0.05614931899887344,12.0
384.0,-126.55267118375349,-16.377310086955035,0.10261616290330323,12.0
386.0,-125.05001508673693,-17.65684702674256,0.16391196879721853,12.0
388.0,-123.26335593667196,-18.463628179834135,0.09063438459928089,12.0
390.0,-121.2903902816061,-18.95062999362763,0.023375889274301575,12.0
392.0,-119.25835501698401,-19.340068325146767,-0.0017162278292717672,12.0
394.0,-117.2259446613031,-19.733707230943946,-0.001429800902336278,12.0
396.0,-115.19495038495363,-20.133312507112574,-0.001144015558625678,12.0
398.0,-113.16543911278296,-20.53761987224397,-0.0008585242475428871,12.0
400.0,-111.13747776963847,-20.94536504492946,-0.0005729613148398817,12.0
402.0,-109.11113328036754,-21.355283743760378,-0.0002869464295390541,12.0
404.0,-107.08647256981753,-21.76611168732804,-8.789747657922544e-08,12.0
406.0,-105.06356256283584,-22.176584594223776,0.00028801407782101033,12.0
408.0,-103.04247018426983,-22.585438183038914,0.0005777641229891439,12.0
410.0,-101.02326235896686,-22.991408172364775,0.0008695683445972703,12.0
412.0,-99.00600601177432,-23.393230280792686,0.0011638308314711394,12.0
414.0,-96.99076806753959,-23.789640226913978,0.0014609499379668893,12.0
416.0,-94.97761545111004,-24.179373729319966,0.0017613142747919992,12.0
418.0,-92.96661508733303,-24.56116650660199,0.0020652983327516636,12.0
420.0,-90.95783390105596,-24.933754277351362,0.0023732576644248456,12.0
422.0,-88.95133881712619,-25.295872760159416,0.0026855235495868287,12.0
424.0,-86.94719676039107,-25.64625767361747,0.0030023970726404886,12.0
426.0,-84.94547465569802,-25.98364473631686,0.0033241425449509533,12.0
428.0,-82.9462394278944,-26.306769666848908,0.0036509802124649634,12.0
430.0,-80.94955800182755,-26.614368183804938,0.003983078200117301,12.0
432.0,-78.95549730234491,-26.90517600577627,0.004320543660166877,12.0
434.0,-76.96412425429378,-27.177928851354245,0.004663413112734603,12.0
436.0,-74.9755057825216,-27.431362439130176,0.005011641994454464,12.0
438.0,-72.9897088118757,-27.664212487695387,0.005365093466312391,12.0
440.0,-71.00680026720346,-27.87521471564121,0.005723526575360279,12.0
442.0,-69.02684707335229,-28.063104841558975,0.006086583917778253,12.0
444.0,-67.04991615516953,-28.22661858404,0.006453779013088602,12.0
446.0,-65.07607443750254,-28.364491661675608,0.006824483671033788,12.0
448.0,-63.10538884519874,-28.47545979305713,0.007197915712792759,12.0
450.0,-61.13792630310548,-28.5582586967759,0.007573127494895079,12.0
452.0,-59.173753736070125,-28.611624091423227,0.007948995774209749,12.0
454.0,-57.21293806894007,-28.634291695590445,0.008324213541051787,12.0
456.0,-55.255546226562686,-28.62499722786888,0.008697284528413358,12.0
458.0,-53.301645133785335,-28.582476406849864,0.009066521170515242,12.0
460.0,-51.351301715455385,-28.505464951124708,0.009430046823616893,12.0
462.0,-49.40458289642024,-28.392698579284747,0.009785803065424419,12.0
464.0,-47.46155560152726,-28.24291300992131,0.010131562845063214,12.0
466.0,-45.52228675562381,-28.05484396162571,0.010464950152508316,12.0
468.0,-43.58684328355726,-27.827227152989288,0.01078346670556563,12.0
470.0,-41.65529211017501,-27.558798302603357,0.011084525908535156,12.0
472.0,-39.72769225389745,-27.248337739218755,0.010810120541535323,12.0
474.0,-37.80370278585209,-26.896882400372107,0.0095292985904447,12.0
476.0,-35.88240224702203,-26.508744728766043,0.00825058952765438,12.0
478.0,-33.96282357611049,-26.088494467270806,0.0069810354434475756,12.0
480.0,-32.04399971182069,-25.64070135875664,0.005725329011818027,12.0
482.0,-30.124963592855828,-25.16993514609379,0.004486202866533453,12.0
484.0,-28.204748157919123,-24.680765572152502,0.0032648271585980423,12.0
486.0,-26.282386345713782,-24.177762379803028,0.0020611947578071774,12.0
488.0,-24.356911094943015,-23.665495311915606,0.0008744833132039989,12.0
490.0,-22.42735534431004,-23.148534111360487,-0.00029660948876176097,12.0
492.0,-20.49275203251807,-22.63144852100792,-0.0014535564683567156,12.0
494.0,-18.5521340982703,-22.11880828372814,-0.0025977137660052364,12.0
496.0,-16.604534480269958,-21.615183142391402,-0.0037300516351191503,12.0
498.0,-14.64898611722025,-21.125142839867944,-0.004850899649866526,12.0
500.0,-12.684521947824381,-20.653257119028023,-0.005959704756481545,12.0
502.0,-10.710174910785572,-20.204095722741876,-0.007054803699778938,12.0
504.0,-8.724977944807025,-19.782228393879752,-0.008133215417361752,12.0
506.0,-6.727963988591959,-19.392224875311896,-0.009190463790518601,12.0
508.0,-4.718165980843579,-19.03865490990856,-0.010220446291420894,12.0
510.0,-2.6946168602650977,-18.726088240539976,-0.011215368940754481,12.0
512.0,-0.6579982564777237,-18.46439404065814,-0.0307519781547122,12.0
514.0,1.3688274504557039,-18.334737653259662,-0.06534302463443428,12.0
516.0,3.3471125797701737,-18.46934496120479,-0.10518436741086971,12.0
518.0,5.241477940473636,-18.98754396766332,-0.08022001329890102,12.0
520.0,7.0682167247245555,-19.81376435137579,-0.020989098198414845,12.0
522.0,8.881080965457713,-20.730609704481605,0.009091899615982169,12.0
524.0,10.688265965520463,-21.632159547814968,-0.03118925285235598,12.0
526.0,12.409721650700837,-22.630618708976467,-0.07457523333057003,12.0
528.0,13.962374871285764,-23.85290337510131,-0.0639887339023127,12.0
530.0,15.367689137014919,-25.277967671639548,-0.019114806821867142,12.0
532.0,16.728591627740336,-26.76944352486607,0.01428216032621961,12.0
534.0,18.096267302037006,-28.243324388159984,-0.028708305909111987,12.0
536.0,19.36393816615681,-29.77800827197931,-0.07358425336540544,12.0
538.0,20.427256026629124,-31.457169481233436,-0.048469203282722424,12.0
540.0,21.331461105600837,-33.24794174826305,-0.02001432597848953,12.0
542.0,22.166454971281883,-35.08264718533483,0.00019707443257417143,12.0
544.0,22.981678034528606,-36.9176391803002,-0.01877354086543711,12.0
546.0,23.722851183409322,-38.77087758882673,-0.03824892888148255,12.0
548.0,24.324766012750256,-40.668144271833455,-0.03357918592576799,12.0
550.0,24.801526469749295,-42.60745956171409,-0.013502368636004791,12.0
552.0,25.227142840722443,-44.56587490653929,0.006143334460696081,12.0
554.0,25.67710151045566,-46.519925078873904,0.02579178784273034,12.0
556.0,26.224494981797676,-48.44665373610672,0.03365505097454551,12.0
558.0,26.899176783678566,-50.33229615752273,0.03201074969023533,12.0
560.0,27.693458659852624,-52.17106815162328,0.030509269928601868,12.0
562.0,28.598387874937867,-53.95758269922037,0.02875847097428484,12.0
564.0,29.604661481574773,-55.68914561882874,0.026656764203010833,12.0
566.0,30.702649487475476,-57.36557743140061,0.02460572449009747,12.0
568.0,31.882709370592355,-58.98679500127925,0.02265252135194708,12.0
570.0,33.13519894986443,-60.552714971356096,0.021047244876812952,12.0
572.0,34.45327798661505,-62.06143427915022,0.023572215009945267,12.0
574.0,35.83969570060668,-63.50482204352973,0.026126743811209944,12.0
576.0,37.299251092192236,-64.87341616514304,0.02863801724540135,12.0
578.0,38.835641525780396,-66.15790792076537,0.029499946175729316,12.0
580.0,40.44600404574068,-67.34990195286565,0.030333368052133367,12.0
582.0,42.12505716892278,-68.44133962530029,0.031373489024139264,12.0
584.0,43.867052282101874,-69.42558272906201,0.027654664121970828,12.0
586.0,45.660940789393834,-70.31223539081854,0.021507330065913238,12.0
588.0,47.49229521155095,-71.12125666881461,0.015446350970169394,12.0
590.0,49.3471259724494,-71.87241773697372,0.011212141299514236,12.0
592.0,51.21723992352315,-72.58131125181883,0.007836019787152286,12.0
594.0,53.09821800042533,-73.26080921539699,0.004447427641494256,12.0
596.0,54.98592196822337,-73.92302733714834,0.00615006752970756,12.0
598.0,56.88204605781014,-74.56094672631617,0.013667841174503276,12.0
600.0,58.79463641340539,-75.14670973789539,0.02117718451892057,12.0
602.0,60.732057901792345,-75.65140893906924,0.02806758161410136,12.0
604.0,62.698475453413835,-76.05003799224068,0.029895730273491482,12.0
606.0,64.6848555823623,-76.3298498596586,0.03218917642118961,12.0
608.0,66.6795788737454,-76.4804994340736,0.034927146267381255,12.0
610.0,68.6721172371115,-76.49507171436493,0.027188501240979716,12.0
612.0,70.6632286631801,-76.40212461172746,0.014414500111096462,12.0
614.0,72.6603382852524,-76.25117131497713,0.0017575407768397565,12.0
616.0,74.67090864344776,-76.0918289729184,-0.0031155422495588608,12.0
618.0,76.68956698115625,-75.92981509371809,0.024845259688877665,12.0
620.0,78.6810103512765,-75.66847911143448,0.05500048568392003,12.0
622.0,80.60567778326904,-75.19660704934535,0.0867886219927196,12.0
624.0,82.43237241015284,-74.43039340196657,0.06160005931919727,12.0
626.0,84.17453853851538,-73.43231807422733,0.032381364797679876,12.0
628.0,85.8604533445689,-72.31346705031548,0.005820376797396335,12.0
630.0,87.51595041601361,-71.17035082051088,0.0026265702300980833,12.0
632.0,89.1545438866542,-70.02613039732681,0.001234136326457744,12.0
634.0,90.78588950401007,-68.88099413381916,-0.00019670898537143375,12.0
636.0,92.4182829377919,-67.73409745727808,0.00336767878860234,12.0
638.0,94.04592103941303,-66.57396045805527,0.00905062865337852,12.0
640.0,95.65465036377947,-65.38280424349409,0.014699257978004534,12.0
642.0,97.23018766632148,-64.14276613914657,0.020900466208377565,12.0
644.0,98.75283847083828,-62.835614149568244,0.030110285523711425,12.0
646.0,100.19027664059445,-61.442254158124044,0.03981730957710375,12.0
648.0,101.50877628231851,-59.943765514477,0.04182839959896117,12.0
650.0,102.70323964705774,-58.342461109249605,0.026109473145607527,12.0
652.0,103.81585361632386,-56.675724919982976,0.010693091731051062,12.0
654.0,104.89305936927187,-54.98408584847604,0.001275065419703433,12.0
656.0,105.95778674142807,-53.28921253199868,0.010332729678556429,12.0
658.0,106.98588512777839,-51.57500675039404,0.01938937543338742,12.0
660.0,107.94767366635128,-49.82098991153973,0.02599883660593268,12.0
662.0,108.82009161678175,-48.0164899449542,0.027450478681959222,12.0
664.0,109.5914463967927,-46.1676746654224,0.029285491488956095,12.0
666.0,110.25123718341294,-44.282366138153385,0.029179556424532425,12.0
668.0,110.8024606568946,-42.36753497145071,0.020125787363658797,12.0
670.0,111.2774079994808,-40.42830380176702,0.010866543464217506,12.0
672.0,111.7122100521468,-38.46955305009571,0.0017348129769937041,12.0
674.0,112.1423991592367,-36.49610178562387,-0.002838418775997887,12.0
676.0,112.58601107070345,-34.51097550408377,-0.0021504918495911162,12.0
678.0,113.04122058053393,-32.51516375737713,-0.0014899272460019589,12.0
680.0,113.50512873102537,-30.509546027269494,-0.0008517507202030072,12.0
682.0,113.97483656447501,-28.495001795526356,-0.00023126529468828105,12.0
684.0,114.4474451231801,-26.472410543913234,0.00037597249573825673,12.0
686.0,114.92005544943784,-24.442651754195662,0.0009741773371424324,12.0
688.0,115.38976858554548,-22.406604908139148,0.001567358720510152,12.0
690.0,115.85368557380026,-20.365149487509207,0.002159341635535114,12.0
692.0,116.3089074564994,-18.319164974071363,0.002753782846404685,12.0
694.0,116.7525352759401,-16.26953084959113,0.003354181296451111,12.0
696.0,117.18167007441966,-14.21712659583403,0.003963881152079576,12.0
698.0,117.59341289423526,-12.16283169456558,0.004586065873200649,12.0
700.0,117.98486477768412,-10.107525627551297,0.005223741511625638,12.0
702.0,118.35312676706351,-8.052087876556703,0.005879707218255285,12.0
704.0,118.69529990467066,-5.997397923347308,0.0065565107201511095,12.0
706.0,119.00848523280277,-3.9443352496886392,0.007256386358619733,12.0
708.0,119.28978379375711,-1.8937793373462037,0.007981173226987368,12.0
710.0,119.5362966298309,0.15339033191446638,0.008732211104058108,12.0
712.0,119.74512478332133,2.19629427632786,0.009510212367762082,12.0
714.0,119.91336929652569,4.234053014128467,0.01031510904528653,12.0
716.0,120.03813121174117,6.2657870635507535,0.011145875788848314,12.0
718.0,120.11651157126501,8.29061694282921,0.012000332047701413,12.0
720.0,120.14561141739446,10.307663170198325,0.012874930201099038,12.0
722.0,120.12253179242676,12.316046263892563,0.013764541008354137,12.0
724.0,120.04437373865908,14.314886742146417,0.014662253342944853,12.0
726.0,119.90823829838872,16.30330512319437,0.015559211460240474,12.0
728.0,119.71122651391288,18.280421925270907,0.016444519270092835,12.0
730.0,119.45043942752878,20.245357666610502,0.017305246039125307,12.0
732.0,119.12297808153367,22.19723286544763,0.018126569947117283,12.0
734.0,118.72594351822481,24.135168040016797,0.018892092958235684,12.0
736.0,118.25643677989936,26.05828370855246,0.019584350594401525,12.0
738.0,117.7115589088546,27.96570038928912,0.020185522168188755,12.0
740.0,117.08841094738776,29.856538600461242,0.020678321104049765,12.0
742.0,116.38409393779607,31.72991886030331,0.021047013648172984,12.0
744.0,115.59570892237673,33.58496168704982,0.021278482578959323,12.0
746.0,114.7202931193465,35.420682180338176,0.025344779585821837,12.0
748.0,113.74037133092436,37.212125199702655,0.047422610046842256,12.0
750.0,112.60559331662503,38.88003570952912,0.0736412285218108,12.0
752.0,111.26108273872443,40.337682893633094,0.10183500229028301,12.0
754.0,109.66438636241107,41.510170948660644,0.08558888778726063,12.0
756.0,107.86236000429582,42.40768537315949,0.06209502402563689,12.0
758.0,105.9409282707056,43.077631000558036,0.04399699286185398,12.0
760.0,103.98124642993203,43.57025857625793,0.02488812196642756,12.0
762.0,102.01856552270661,43.960837258170194,0.002914658444917093,12.0
764.0,100.06318433379845,44.3382355144631,-0.01965441734150423,12.0
766.0,98.12481221366643,44.78753027644626,-0.02687581631197354,12.0
768.0,96.20852794090767,45.340393586485156,-0.024905574828267052,12.0
770.0,94.31606925899831,45.989964965495,-0.022974881829486943,12.0
772.0,92.44909994757712,46.72853090140865,-0.02112310435588922,12.0
774.0,90.6092837862828,47.548377882158995,-0.01937466097450433,12.0
776.0,88.79828455475405,48.4417923956789,-0.01774202185783832,12.0
778.0,87.01776603262962,49.40106092990125,-0.0162286325215992,12.0
780.0,85.26939199954823,50.418469972758906,-0.01483142879296994,12.0
782.0,83.55482623514858,51.48630601218476,-0.013542814482969318,12.0
784.0,81.87569719984076,52.596824380926286,-0.010616142961912111,12.0
786.0,80.2259387121987,53.73549294773216,-0.0005294738577525245,12.0
788.0,78.58221405946377,54.872545199796235,0.009710146882905491,12.0
790.0,76.91883370205797,55.97613918952637,0.019927382296385295,12.0
792.0,75.21209576752595,57.01628741658662,0.022537892332113434,12.0
794.0,73.45690292322787,57.98035998414478,0.022487324032135367,12.0
796.0,71.65831976567702,58.865207839228475,0.0225686535510219,12.0
798.0,69.8215139099686,59.66777804280925,0.022780280191727252,12.0
800.0,67.95167475611173,60.38524305272784,0.021237189607753563,12.0
802.0,66.05475136201147,61.02263510131839,0.01707736180388972,12.0
804.0,64.13763191564827,61.59470309818895,0.012917521581832382,12.0
806.0,62.20724833210053,62.11676738649026,0.009675463974232471,12.0
808.0,60.26852584512599,62.59990317167063,0.009310908271548936,12.0
810.0,58.32234583965133,63.046630890188005,0.008936237816741624,12.0
812.0,56.36910395626654,63.4584433855407,0.008553614732878908,12.0
814.0,54.40919583556166,63.836833501227034,0.008165005425377177,12.0
816.0,52.44301711812668,64.18329408074534,0.007772170326618707,12.0
818.0,50.470963444551614,64.49931796759395,0.007376659624562831,12.0
820.0,48.49343045542647,64.78639800527118,0.006979814032997338,12.0
822.0,46.510813791341256,65.04602703727537,0.006582769654867725,12.0
824.0,44.52350909288597,65.27969790710483,0.006186466031188801,12.0
826.0,42.53191200065066,65.48890345825788,0.005791656542488197,12.0
828.0,40.536418155225284,65.67513653423286,0.00539892042514882,12.0
830.0,38.5374231971999,65.83988997852809,0.005008675771035683,12.0
832.0,36.53532276716447,65.98465663464191,0.00462119298726793,12.0
834.0,34.53051250570905,66.11092934607261,0.004236608297952274,12.0
836.0,32.5233880534236,66.22020095631854,0.003854936967095871,12.0
838.0,30.514345050898164,66.31396430887804,0.0034760860093653507,12.0
840.0,28.503779138722745,66.39371224724941,0.0030998662317529655,12.0
842.0,26.492085957487348,66.46093761493097,0.0027260035144186555,12.0
844.0,24.479661147781982,66.51713325542107,0.002354149293548914,12.0
846.0,22.46690035019666,66.56379201221803,0.0019838902539951178,12.0
848.0,20.454199205321384,66.60240672882016,0.001614757275954418,12.0
850.0,18.441953353746168,66.63447024872579,0.0012462337093574172,12.0
852.0,16.430558436061023,66.66147541543324,0.0008777630732376697,12.0
854.0,14.420410092855958,66.68491507244087,0.0005087562963974998,12.0
856.0,12.411903964720977,66.70628206324696,0.0001385986312320561,12.0
857.4614457446912,10.94550875822085,66.72144403632737,-0.000132975993732634,12.0
